コード,銘柄名,市場,終値,前日比,スコア,流入開始,経過日,時価総額,蓄積,出来高質,収縮放れ,転換,乖離率,状態,初動,監視,スキャン日時
7203,トヨタ自動車,カスタム,2881.5,-1.87,7.0,-,,341222,0.0,7.0,0.0,0.0,-4.1,様子見,False,False,2026-09-29 23:15
6758,ソニーグループ,カスタム,3732.0,1.9,27.0,-,,218148,0.0,19.0,0.0,8.0,-1.0,様子見,False,False,2026-09-29 23:15
9984,ソフトバンクグループ,カスタム,6035.0,-3.26,39.0,-,,343930,12.0,18.0,0.0,9.0,3.9,様子見,False,False,2026-09-29 23:15
8306,三菱UFJ FG,カスタム,3592.0,-2.21,31.0,-,,404307,0.0,15.0,0.0,16.0,-0.3,収縮中 (監視),False,False,2026-09-29 23:15
6861,キーエンス,カスタム,79480.0,1.25,55.0,09/25,3.0,192759,0.0,18.0,12.0,25.0,1.2,収縮中 (監視),False,False,2026-09-29 23:15
4063,信越化学工業,カスタム,5749.0,-0.78,21.0,-,,104348,0.0,7.0,0.0,14.0,-1.6,収縮中 (監視),False,False,2026-09-29 23:15
6098,リクルートHD,カスタム,16700.0,1.63,20.0,-,,231941,0.0,4.0,0.0,16.0,0.7,様子見,False,False,2026-09-29 23:15
9983,ファーストリテイリング,カスタム,68710.0,1.27,31.0,-,,210837,0.0,10.0,12.0,9.0,-0.7,収縮中 (監視),False,False,2026-09-29 23:15
8035,東京エレクトロン,カスタム,11505.0,5.74,23.2,09/24,4.0,261334,0.0,13.0,20.0,25.0,9.9,過熱 (初動ではない),False,False,2026-09-29 23:15
6501,日立製作所,カスタム,5465.0,-0.46,80.0,09/04,15.0,244043,30.0,18.0,20.0,12.0,2.4,初動の可能性,True,True,2026-09-29 23:15
7974,任天堂,カスタム,7896.0,-1.29,8.0,-,,91031,0.0,0.0,0.0,8.0,-7.3,様子見,False,False,2026-09-29 23:15
4519,中外製薬,カスタム,6096.0,-4.18,16.0,-,,100314,0.0,7.0,0.0,9.0,-8.9,様子見,False,False,2026-09-29 23:15
6367,ダイキン工業,カスタム,20705.0,-0.17,53.0,09/28,2.0,57629,0.0,22.0,12.0,19.0,0.5,収縮中 (監視),False,False,2026-09-29 23:15
9433,KDDI,カスタム,2923.5,-0.54,18.0,-,,108051,0.0,13.0,0.0,5.0,-0.7,収縮中 (監視),False,False,2026-09-29 23:15
9432,NTT,カスタム,171.3,-0.41,24.0,-,,138803,0.0,15.0,0.0,9.0,0.4,様子見,False,False,2026-09-29 23:15
4568,第一三共,カスタム,2784.5,0.16,43.0,09/18,5.0,50668,22.0,13.0,0.0,8.0,-0.2,蓄積+収縮 (監視推奨),False,True,2026-09-29 23:15
8058,三菱商事,カスタム,4637.0,-2.5,4.0,-,,169839,0.0,4.0,0.0,0.0,-3.8,収縮中 (監視),False,False,2026-09-29 23:15
8001,伊藤忠商事,カスタム,2158.0,-2.09,24.0,-,,150842,12.0,7.0,0.0,5.0,-1.7,様子見,False,False,2026-09-29 23:15
8031,三井物産,カスタム,4829.0,-2.46,20.0,-,,137247,0.0,4.0,0.0,16.0,-3.2,収縮中 (監視),False,False,2026-09-29 23:15
2914,JT,カスタム,6885.0,0.51,32.0,-,,122233,0.0,13.0,0.0,19.0,0.4,様子見,False,False,2026-09-29 23:15
6902,デンソー,カスタム,1847.0,-1.89,29.0,08/31,19.0,46307,0.0,7.0,0.0,22.0,-1.8,収縮中 (監視),False,False,2026-09-29 23:15
7267,ホンダ,カスタム,1669.0,-0.83,40.0,09/02,17.0,64974,0.0,4.0,20.0,16.0,0.6,収縮中 (監視),False,False,2026-09-29 23:15
6954,ファナック,カスタム,5911.0,-0.54,49.0,-,,54925,0.0,15.0,12.0,22.0,0.0,収縮中 (監視),False,False,2026-09-29 23:15
6273,SMC,カスタム,70570.0,1.73,89.0,09/25,3.0,44091,30.0,22.0,12.0,25.0,3.2,初動の可能性,True,True,2026-09-29 23:15
6594,ニデック,カスタム,2250.0,-3.85,32.0,-,,25792,0.0,16.0,0.0,16.0,-14.3,様子見,False,False,2026-09-29 23:15
7741,HOYA,カスタム,23225.0,-1.55,22.0,-,,77470,0.0,13.0,0.0,9.0,-2.2,様子見,False,False,2026-09-29 23:15
4543,テルモ,カスタム,2277.5,0.26,7.0,-,,33595,0.0,7.0,0.0,0.0,-3.9,様子見,False,False,2026-09-29 23:15
4502,武田薬品工業,カスタム,5739.0,-1.53,50.0,09/07,14.0,91638,0.0,18.0,20.0,12.0,0.4,収縮中 (監視),False,False,2026-09-29 23:15
4503,アステラス製薬,カスタム,2294.0,-0.86,34.0,09/04,15.0,41132,0.0,18.0,0.0,16.0,-0.7,様子見,False,False,2026-09-29 23:15
6981,村田製作所,カスタム,8089.0,1.51,24.8,-,,146627,12.0,15.0,20.0,15.0,10.0,過熱 (初動ではない),False,False,2026-09-29 23:15
6762,TDK,カスタム,2919.0,-0.55,82.0,09/01,18.0,55407,30.0,15.0,12.0,25.0,0.2,初動の可能性,True,True,2026-09-29 23:15
6503,三菱電機,カスタム,5131.0,-1.0,13.0,-,,105003,0.0,4.0,0.0,9.0,-2.9,収縮中 (監視),False,False,2026-09-29 23:15
6752,パナソニックHD,カスタム,4389.0,-1.19,76.0,09/09,12.0,102480,30.0,7.0,20.0,19.0,2.0,初動の可能性,True,True,2026-09-29 23:15
8766,東京海上HD,カスタム,523.2,25.82,14.8,09/16,7.0,9940,12.0,18.0,0.0,7.0,28.0,過熱 (初動ではない),False,False,2026-09-29 23:15
8750,第一生命HD,カスタム,1871.5,-1.89,37.0,-,,67415,0.0,13.0,12.0,12.0,2.4,収縮中 (監視),False,False,2026-09-29 23:15
8411,みずほFG,カスタム,8472.0,-2.89,34.0,-,,205074,0.0,18.0,0.0,16.0,0.1,収縮中 (監視),False,False,2026-09-29 23:15
8316,三井住友FG,カスタム,3357.0,-1.41,29.0,-,,255099,0.0,13.0,0.0,16.0,0.3,収縮中 (監視),False,False,2026-09-29 23:15
8604,野村HD,カスタム,1529.5,-4.11,4.0,-,,44701,0.0,4.0,0.0,0.0,-5.2,様子見,False,False,2026-09-29 23:15
8591,オリックス,カスタム,5864.0,-2.65,21.0,-,,60985,0.0,4.0,0.0,17.0,-3.5,収縮中 (監視),False,False,2026-09-29 23:15
9020,JR東日本,カスタム,3337.0,-1.53,23.0,-,,37677,0.0,7.0,0.0,16.0,-4.2,収縮中 (監視),False,False,2026-09-29 23:15
9022,JR東海,カスタム,3675.0,-1.92,4.0,-,,34890,0.0,4.0,0.0,0.0,-4.5,収縮中 (監視),False,False,2026-09-29 23:15
9101,日本郵船,カスタム,7078.0,-1.46,11.0,-,,28564,0.0,6.0,0.0,5.0,-0.4,収縮中 (監視),False,False,2026-09-29 23:15
9104,商船三井,カスタム,6900.0,-1.72,11.0,-,,23710,0.0,6.0,0.0,5.0,-1.6,収縮中 (監視),False,False,2026-09-29 23:15
9107,川崎汽船,カスタム,3283.0,-1.91,5.0,-,,19471,0.0,0.0,0.0,5.0,-1.6,収縮中 (監視),False,False,2026-09-29 23:15
5401,日本製鉄,カスタム,650.8,-3.0,8.0,-,,34013,0.0,0.0,0.0,8.0,-2.9,収縮中 (監視),False,False,2026-09-29 23:15
5713,住友金属鉱山,カスタム,9489.0,1.18,5.0,-,,25477,0.0,0.0,0.0,5.0,-6.4,様子見,False,False,2026-09-29 23:15
4901,富士フイルムHD,カスタム,3319.0,0.05,70.0,09/15,8.0,39695,22.0,10.0,20.0,18.0,1.6,初動の可能性,True,True,2026-09-29 23:15
4452,花王,カスタム,3484.0,-0.37,12.0,-,,31522,0.0,4.0,0.0,8.0,-0.9,様子見,False,False,2026-09-29 23:15
2502,アサヒGHD,カスタム,1582.0,-0.94,12.0,-,,23139,0.0,4.0,0.0,8.0,-3.3,様子見,False,False,2026-09-29 23:15
2503,キリンHD,カスタム,2817.5,-0.62,4.0,-,,22326,0.0,4.0,0.0,0.0,-3.5,様子見,False,False,2026-09-29 23:15
3382,セブン&アイHD,カスタム,1977.5,-1.12,32.0,09/04,15.0,44831,22.0,10.0,0.0,0.0,-2.2,蓄積+収縮 (監視推奨),False,True,2026-09-29 23:15
9843,ニトリHD,カスタム,2929.5,-0.61,23.0,-,,16553,0.0,7.0,0.0,16.0,-5.7,様子見,False,False,2026-09-29 23:15
4755,楽天グループ,カスタム,676.1,-1.7,7.0,-,,14752,0.0,7.0,0.0,0.0,-8.1,様子見,False,False,2026-09-29 23:15
4689,LINEヤフー,カスタム,516.9,0.21,34.0,09/28,2.0,35457,22.0,7.0,0.0,5.0,-3.9,様子見,False,False,2026-09-29 23:15
9501,東京電力HD,カスタム,515.4,-2.11,11.0,-,,8260,0.0,11.0,0.0,0.0,-5.2,収縮中 (監視),False,False,2026-09-29 23:15
5020,ENEOS HD,カスタム,1373.5,-2.69,12.0,-,,36486,0.0,7.0,0.0,5.0,-0.1,様子見,False,False,2026-09-29 23:15
1605,INPEX,カスタム,3671.0,-3.77,0.0,-,,42449,0.0,0.0,0.0,0.0,-5.8,収縮中 (監視),False,False,2026-09-29 23:15
8802,三菱地所,カスタム,3545.0,-1.69,22.0,-,,42477,0.0,13.0,0.0,9.0,-3.1,収縮中 (監視),False,False,2026-09-29 23:15
8801,三井不動産,カスタム,1453.0,-1.32,62.0,09/16,7.0,39117,30.0,7.0,0.0,25.0,-2.2,蓄積+収縮 (監視推奨),False,True,2026-09-29 23:15
6963,ローム,カスタム,4872.0,0.81,86.0,09/08,13.0,18808,30.0,11.0,20.0,25.0,2.5,初動の可能性,True,True,2026-09-29 23:15
6857,アドバンテスト,カスタム,33910.0,0.53,56.0,09/28,2.0,244814,0.0,19.0,12.0,25.0,2.0,収縮中 (監視),False,False,2026-09-29 23:15
6146,ディスコ,カスタム,56680.0,4.52,56.0,09/29,1.0,61480,0.0,19.0,12.0,25.0,2.5,収縮中 (監視),False,False,2026-09-29 23:15
6920,レーザーテック,カスタム,41000.0,2.5,27.6,09/10,11.0,36780,12.0,22.0,20.0,15.0,14.7,過熱 (初動ではない),False,False,2026-09-29 23:15
7735,SCREEN HD,カスタム,14530.0,4.53,25.2,09/24,4.0,27474,0.0,18.0,20.0,25.0,10.9,過熱 (初動ではない),False,False,2026-09-29 23:15
6723,ルネサスエレクトロニクス,カスタム,3458.0,-0.03,52.0,09/24,4.0,63195,0.0,10.0,20.0,22.0,3.7,収縮中 (監視),False,False,2026-09-29 23:15
2413,エムスリー,カスタム,1770.5,-0.59,45.0,09/17,6.0,11797,0.0,0.0,20.0,25.0,0.8,収縮中 (監視),False,False,2026-09-29 23:15
6178,日本郵政,カスタム,2495.5,-2.33,55.0,09/24,4.0,68237,12.0,19.0,12.0,12.0,1.9,収縮中 (監視),False,False,2026-09-29 23:15
7011,三菱重工業,カスタム,3793.0,-2.04,29.0,-,,127453,0.0,4.0,0.0,25.0,-0.9,収縮中 (監視),False,False,2026-09-29 23:15
7012,川崎重工業,カスタム,2354.5,-1.07,9.0,-,,20559,0.0,0.0,0.0,9.0,-3.5,収縮中 (監視),False,False,2026-09-29 23:15
7013,IHI,カスタム,2674.0,-3.24,36.0,09/11,10.0,28349,22.0,6.0,0.0,8.0,-1.2,蓄積+収縮 (監視推奨),False,True,2026-09-29 23:15
